timestamp,symbol,side,entry_price,exit_price,quantity,reason,pnl,pnl_pct,duration_bars
2024-09-01T15:20:00,BTCUSDT,SELL,57889.01000000,0.00000000,0.00100000,ENTRY_SHORT,0.00000000,0.0000,0
2024-09-01T15:35:00,BTCUSDT,BUY,57889.01000000,57997.99000000,0.00100000,EXIT_SIGNAL,-0.10898000,-0.0019,3
2024-09-02T02:35:00,BTCUSDT,SELL,57305.00000000,0.00000000,0.00100000,ENTRY_SHORT,0.00000000,0.0000,0
2024-09-02T03:00:00,BTCUSDT,BUY,57305.00000000,57662.00000000,0.00100000,EXIT_SIGNAL,-0.35700000,-0.0062,5
2024-09-02T07:15:00,BTCUSDT,SELL,57635.51000000,0.00000000,0.00100000,ENTRY_SHORT,0.00000000,0.0000,0
2024-09-02T08:15:00,BTCUSDT,BUY,57635.51000000,57889.46000000,0.00100000,EXIT_SIGNAL,-0.25395000,-0.0044,12
2024-09-02T14:30:00,BTCUSDT,BUY,58663.99000000,0.00000000,0.00100000,ENTRY_LONG,0.00000000,0.0000,0
2024-09-02T16:25:00,BTCUSDT,SELL,58663.99000000,58457.00000000,0.00100000,EXIT_SIGNAL,-0.20699000,-0.0035,23
2024-09-02T19:25:00,BTCUSDT,BUY,58520.98000000,0.00000000,0.00100000,ENTRY_LONG,0.00000000,0.0000,0
2024-09-02T19:35:00,BTCUSDT,SELL,58520.98000000,58437.00000000,0.00100000,EXIT_SIGNAL,-0.08398000,-0.0014,2
2024-09-03T00:50:00,BTCUSDT,BUY,59179.00000000,0.00000000,0.00100000,ENTRY_LONG,0.00000000,0.0000,0
2024-09-03T03:00:00,BTCUSDT,SELL,59179.00000000,59289.83000000,0.00100000,EXIT_SIGNAL,0.11083000,0.0019,26
2024-09-03T07:40:00,BTCUSDT,BUY,59101.00000000,0.00000000,0.00100000,ENTRY_LONG,0.00000000,0.0000,0
2024-09-03T08:30:00,BTCUSDT,SELL,59101.00000000,58927.01000000,0.00100000,EXIT_SIGNAL,-0.17399000,-0.0029,10
2024-09-03T18:00:00,BTCUSDT,SELL,57623.00000000,0.00000000,0.00100000,ENTRY_SHORT,0.00000000,0.0000,0
2024-09-03T18:30:00,BTCUSDT,BUY,57623.00000000,57988.00000000,0.00100000,EXIT_SIGNAL,-0.36500000,-0.0063,6
2024-09-03T22:05:00,BTCUSDT,SELL,58003.98000000,0.00000000,0.00100000,ENTRY_SHORT,0.00000000,0.0000,0
2024-09-04T00:25:00,BTCUSDT,BUY,58003.98000000,57808.01000000,0.00100000,EXIT_SIGNAL,0.19597000,0.0034,28
2024-09-04T03:40:00,BTCUSDT,SELL,56724.01000000,0.00000000,0.00100000,ENTRY_SHORT,0.00000000,0.0000,0
2024-09-04T07:15:00,BTCUSDT,BUY,56724.01000000,56580.01000000,0.00100000,EXIT_SIGNAL,0.14400000,0.0025,43
2024-09-04T12:15:00,BTCUSDT,SELL,56555.00000000,0.00000000,0.00100000,ENTRY_SHORT,0.00000000,0.0000,0
2024-09-04T12:20:00,BTCUSDT,BUY,56555.00000000,56622.33000000,0.00100000,EXIT_SIGNAL,-0.06733000,-0.0012,1
2024-09-04T19:40:00,BTCUSDT,BUY,57976.01000000,0.00000000,0.00100000,ENTRY_LONG,0.00000000,0.0000,0
2024-09-04T23:35:00,BTCUSDT,SELL,57976.01000000,58047.50000000,0.00100000,EXIT_SIGNAL,0.07149000,0.0012,47
2024-09-05T01:30:00,BTCUSDT,BUY,58169.57000000,0.00000000,0.00100000,ENTRY_LONG,0.00000000,0.0000,0
2024-09-05T01:55:00,BTCUSDT,SELL,58169.57000000,58021.99000000,0.00100000,EXIT_SIGNAL,-0.14758000,-0.0025,5
2024-09-05T14:55:00,BTCUSDT,SELL,56558.01000000,0.00000000,0.00100000,ENTRY_SHORT,0.00000000,0.0000,0
2024-09-05T17:10:00,BTCUSDT,BUY,56558.01000000,56403.99000000,0.00100000,EXIT_SIGNAL,0.15402000,0.0027,27
2024-09-05T23:15:00,BTCUSDT,SELL,55993.45000000,0.00000000,0.00100000,ENTRY_SHORT,0.00000000,0.0000,0
2024-09-05T23:40:00,BTCUSDT,BUY,55993.45000000,56163.43000000,0.00100000,EXIT_SIGNAL,-0.16998000,-0.0030,5
2024-09-06T04:10:00,BTCUSDT,BUY,56740.29000000,0.00000000,0.00100000,ENTRY_LONG,0.00000000,0.0000,0
2024-09-06T04:35:00,BTCUSDT,SELL,56740.29000000,56633.50000000,0.00100000,EXIT_SIGNAL,-0.10679000,-0.0019,5
2024-09-06T12:05:00,BTCUSDT,SELL,55910.00000000,0.00000000,0.00100000,ENTRY_SHORT,0.00000000,0.0000,0
2024-09-06T12:30:00,BTCUSDT,BUY,55910.00000000,56414.00000000,0.00100000,EXIT_SIGNAL,-0.50400000,-0.0090,5
2024-09-07T01:30:00,BTCUSDT,SELL,53873.00000000,0.00000000,0.00100000,ENTRY_SHORT,0.00000000,0.0000,0
2024-09-07T02:35:00,BTCUSDT,BUY,53873.00000000,53910.99000000,0.00100000,EXIT_SIGNAL,-0.03799000,-0.0007,13
2024-09-07T03:50:00,BTCUSDT,SELL,53827.00000000,0.00000000,0.00100000,ENTRY_SHORT,0.00000000,0.0000,0
2024-09-07T04:30:00,BTCUSDT,BUY,53827.00000000,53861.00000000,0.00100000,EXIT_SIGNAL,-0.03400000,-0.0006,8
2024-09-07T14:50:00,BTCUSDT,BUY,54646.00000000,0.00000000,0.00100000,ENTRY_LONG,0.00000000,0.0000,0
2024-09-07T16:35:00,BTCUSDT,SELL,54646.00000000,54529.00000000,0.00100000,EXIT_SIGNAL,-0.11700000,-0.0021,21
2024-09-08T07:15:00,BTCUSDT,BUY,54500.99000000,0.00000000,0.00100000,ENTRY_LONG,0.00000000,0.0000,0
2024-09-08T08:10:00,BTCUSDT,SELL,54500.99000000,54359.01000000,0.00100000,EXIT_SIGNAL,-0.14198000,-0.0026,11
2024-09-08T20:00:00,BTCUSDT,SELL,54287.57000000,0.00000000,0.00100000,ENTRY_SHORT,0.00000000,0.0000,0
2024-09-08T21:00:00,BTCUSDT,BUY,54287.57000000,54377.48000000,0.00100000,EXIT_SIGNAL,-0.08991000,-0.0017,12
2024-09-09T03:30:00,BTCUSDT,BUY,55131.01000000,0.00000000,0.00100000,ENTRY_LONG,0.00000000,0.0000,0
2024-09-09T04:25:00,BTCUSDT,SELL,55131.01000000,54930.00000000,0.00100000,EXIT_SIGNAL,-0.20101000,-0.0036,11
2024-09-09T07:30:00,BTCUSDT,BUY,54891.99000000,0.00000000,0.00100000,ENTRY_LONG,0.00000000,0.0000,0
2024-09-09T11:15:00,BTCUSDT,SELL,54891.99000000,55174.01000000,0.00100000,EXIT_SIGNAL,0.28202000,0.0051,45
2024-09-09T15:35:00,BTCUSDT,BUY,55347.99000000,0.00000000,0.00100000,ENTRY_LONG,0.00000000,0.0000,0
2024-09-09T21:15:00,BTCUSDT,SELL,55347.99000000,57821.21000000,0.00100000,EXIT_TAKE_PROFIT,2.47322000,0.0447,68
2024-09-10T09:40:00,BTCUSDT,BUY,57220.00000000,0.00000000,0.00100000,ENTRY_LONG,0.00000000,0.0000,0
2024-09-10T10:10:00,BTCUSDT,SELL,57220.00000000,56974.00000000,0.00100000,EXIT_SIGNAL,-0.24600000,-0.0043,6
2024-09-10T11:45:00,BTCUSDT,BUY,57186.37000000,0.00000000,0.00100000,ENTRY_LONG,0.00000000,0.0000,0
2024-09-10T13:05:00,BTCUSDT,SELL,57186.37000000,56921.35000000,0.00100000,EXIT_SIGNAL,-0.26502000,-0.0046,16
2024-09-10T16:50:00,BTCUSDT,BUY,56932.01000000,0.00000000,0.00100000,ENTRY_LONG,0.00000000,0.0000,0
2024-09-10T16:55:00,BTCUSDT,SELL,56932.01000000,56819.60000000,0.00100000,EXIT_SIGNAL,-0.11241000,-0.0020,1
2024-09-10T23:00:00,BTCUSDT,BUY,57696.07000000,0.00000000,0.00100000,ENTRY_LONG,0.00000000,0.0000,0
2024-09-11T00:00:00,BTCUSDT,SELL,57696.07000000,57573.21000000,0.00100000,EXIT_SIGNAL,-0.12286000,-0.0021,12
2024-09-11T01:10:00,BTCUSDT,BUY,57702.00000000,0.00000000,0.00100000,ENTRY_LONG,0.00000000,0.0000,0
2024-09-11T01:20:00,BTCUSDT,SELL,57702.00000000,57445.99000000,0.00100000,EXIT_SIGNAL,-0.25601000,-0.0044,2
2024-09-11T10:25:00,BTCUSDT,SELL,56524.00000000,0.00000000,0.00100000,ENTRY_SHORT,0.00000000,0.0000,0
2024-09-11T11:05:00,BTCUSDT,BUY,56524.00000000,56612.01000000,0.00100000,EXIT_SIGNAL,-0.08801000,-0.0016,8
2024-09-11T13:35:00,BTCUSDT,SELL,56361.98000000,0.00000000,0.00100000,ENTRY_SHORT,0.00000000,0.0000,0
2024-09-11T15:25:00,BTCUSDT,BUY,56361.98000000,56318.01000000,0.00100000,EXIT_SIGNAL,0.04397000,0.0008,22
2024-09-11T19:50:00,BTCUSDT,BUY,57618.63000000,0.00000000,0.00100000,ENTRY_LONG,0.00000000,0.0000,0
2024-09-11T20:30:00,BTCUSDT,SELL,57618.63000000,57500.00000000,0.00100000,EXIT_SIGNAL,-0.11863000,-0.0021,8
2024-09-12T00:05:00,BTCUSDT,BUY,57456.31000000,0.00000000,0.00100000,ENTRY_LONG,0.00000000,0.0000,0
2024-09-12T05:05:00,BTCUSDT,SELL,57456.31000000,58131.11000000,0.00100000,EXIT_SIGNAL,0.67480000,0.0117,60
2024-09-12T11:45:00,BTCUSDT,BUY,58100.00000000,0.00000000,0.00100000,ENTRY_LONG,0.00000000,0.0000,0
2024-09-12T12:30:00,BTCUSDT,SELL,58100.00000000,57924.01000000,0.00100000,EXIT_SIGNAL,-0.17599000,-0.0030,9
2024-09-12T19:40:00,BTCUSDT,BUY,58275.82000000,0.00000000,0.00100000,ENTRY_LONG,0.00000000,0.0000,0
2024-09-12T20:25:00,BTCUSDT,SELL,58275.82000000,58200.00000000,0.00100000,EXIT_SIGNAL,-0.07582000,-0.0013,9
2024-09-13T02:00:00,BTCUSDT,BUY,58088.03000000,0.00000000,0.00100000,ENTRY_LONG,0.00000000,0.0000,0
2024-09-13T03:15:00,BTCUSDT,SELL,58088.03000000,58024.00000000,0.00100000,EXIT_SIGNAL,-0.06403000,-0.0011,15
2024-09-13T20:25:00,BTCUSDT,BUY,59830.08000000,0.00000000,0.00100000,ENTRY_LONG,0.00000000,0.0000,0
2024-09-14T00:45:00,BTCUSDT,SELL,59830.08000000,60418.01000000,0.00100000,EXIT_SIGNAL,0.58793000,0.0098,52
2024-09-14T07:30:00,BTCUSDT,BUY,60119.93000000,0.00000000,0.00100000,ENTRY_LONG,0.00000000,0.0000,0
2024-09-14T08:15:00,BTCUSDT,SELL,60119.93000000,60047.90000000,0.00100000,EXIT_SIGNAL,-0.07203000,-0.0012,9
2024-09-14T13:00:00,BTCUSDT,SELL,59758.05000000,0.00000000,0.00100000,ENTRY_SHORT,0.00000000,0.0000,0
2024-09-14T14:20:00,BTCUSDT,BUY,59758.05000000,59823.99000000,0.00100000,EXIT_SIGNAL,-0.06594000,-0.0011,16
2024-09-15T04:15:00,BTCUSDT,BUY,60203.99000000,0.00000000,0.00100000,ENTRY_LONG,0.00000000,0.0000,0
2024-09-15T04:20:00,BTCUSDT,SELL,60203.99000000,60114.34000000,0.00100000,EXIT_SIGNAL,-0.08965000,-0.0015,1
2024-09-15T07:20:00,BTCUSDT,BUY,60199.99000000,0.00000000,0.00100000,ENTRY_LONG,0.00000000,0.0000,0
2024-09-15T08:20:00,BTCUSDT,SELL,60199.99000000,60088.00000000,0.00100000,EXIT_SIGNAL,-0.11199000,-0.0019,12
2024-09-15T19:35:00,BTCUSDT,SELL,59891.99000000,0.00000000,0.00100000,ENTRY_SHORT,0.00000000,0.0000,0
2024-09-16T03:35:00,BTCUSDT,BUY,59891.99000000,58494.00000000,0.00100000,EXIT_TIMEOUT,1.39799000,0.0233,96
2024-09-16T09:25:00,BTCUSDT,SELL,58832.00000000,0.00000000,0.00100000,ENTRY_SHORT,0.00000000,0.0000,0
2024-09-16T11:10:00,BTCUSDT,BUY,58832.00000000,58780.00000000,0.00100000,EXIT_SIGNAL,0.05200000,0.0009,21
2024-09-16T12:20:00,BTCUSDT,SELL,58632.35000000,0.00000000,0.00100000,ENTRY_SHORT,0.00000000,0.0000,0
2024-09-16T17:50:00,BTCUSDT,BUY,58632.35000000,58144.96000000,0.00100000,EXIT_SIGNAL,0.48739000,0.0083,66
2024-09-16T20:35:00,BTCUSDT,SELL,57801.76000000,0.00000000,0.00100000,ENTRY_SHORT,0.00000000,0.0000,0
2024-09-16T21:50:00,BTCUSDT,BUY,57801.76000000,57964.20000000,0.00100000,EXIT_SIGNAL,-0.16244000,-0.0028,15
2024-09-17T14:10:00,BTCUSDT,BUY,59739.32000000,0.00000000,0.00100000,ENTRY_LONG,0.00000000,0.0000,0
2024-09-17T18:45:00,BTCUSDT,SELL,59739.32000000,60686.89000000,0.00100000,EXIT_SIGNAL,0.94757000,0.0159,55
2024-09-17T22:45:00,BTCUSDT,BUY,60300.00000000,0.00000000,0.00100000,ENTRY_LONG,0.00000000,0.0000,0
2024-09-17T23:00:00,BTCUSDT,SELL,60300.00000000,60156.01000000,0.00100000,EXIT_SIGNAL,-0.14399000,-0.0024,3
2024-09-18T00:55:00,BTCUSDT,BUY,60240.00000000,0.00000000,0.00100000,ENTRY_LONG,0.00000000,0.0000,0
2024-09-18T01:00:00,BTCUSDT,SELL,60240.00000000,60122.01000000,0.00100000,EXIT_SIGNAL,-0.11799000,-0.0020,1
2024-09-18T01:25:00,BTCUSDT,BUY,60228.00000000,0.00000000,0.00100000,ENTRY_LONG,0.00000000,0.0000,0
2024-09-18T01:45:00,BTCUSDT,SELL,60228.00000000,60089.49000000,0.00100000,EXIT_SIGNAL,-0.13851000,-0.0023,4
2024-09-18T06:50:00,BTCUSDT,BUY,60488.95000000,0.00000000,0.00100000,ENTRY_LONG,0.00000000,0.0000,0
2024-09-18T08:05:00,BTCUSDT,SELL,60488.95000000,60246.30000000,0.00100000,EXIT_SIGNAL,-0.24265000,-0.0040,15
2024-09-18T13:35:00,BTCUSDT,SELL,59694.50000000,0.00000000,0.00100000,ENTRY_SHORT,0.00000000,0.0000,0
2024-09-18T16:25:00,BTCUSDT,BUY,59694.50000000,59690.23000000,0.00100000,EXIT_SIGNAL,0.00427000,0.0001,34
2024-09-19T05:00:00,BTCUSDT,BUY,62139.66000000,0.00000000,0.00100000,ENTRY_LONG,0.00000000,0.0000,0
2024-09-19T05:30:00,BTCUSDT,SELL,62139.66000000,61974.01000000,0.00100000,EXIT_SIGNAL,-0.16565000,-0.0027,6
2024-09-19T07:15:00,BTCUSDT,BUY,62052.00000000,0.00000000,0.00100000,ENTRY_LONG,0.00000000,0.0000,0
2024-09-19T08:35:00,BTCUSDT,SELL,62052.00000000,61961.85000000,0.00100000,EXIT_SIGNAL,-0.09015000,-0.0015,16
2024-09-19T15:25:00,BTCUSDT,BUY,63195.98000000,0.00000000,0.00100000,ENTRY_LONG,0.00000000,0.0000,0
2024-09-19T19:05:00,BTCUSDT,SELL,63195.98000000,63450.36000000,0.00100000,EXIT_SIGNAL,0.25438000,0.0040,44
2024-09-20T01:40:00,BTCUSDT,BUY,62959.61000000,0.00000000,0.00100000,ENTRY_LONG,0.00000000,0.0000,0
2024-09-20T06:20:00,BTCUSDT,SELL,62959.61000000,63741.99000000,0.00100000,EXIT_SIGNAL,0.78238000,0.0124,56
2024-09-20T09:30:00,BTCUSDT,BUY,63501.05000000,0.00000000,0.00100000,ENTRY_LONG,0.00000000,0.0000,0
2024-09-20T11:35:00,BTCUSDT,SELL,63501.05000000,63384.00000000,0.00100000,EXIT_SIGNAL,-0.11705000,-0.0018,25
2024-09-20T16:25:00,BTCUSDT,SELL,62993.99000000,0.00000000,0.00100000,ENTRY_SHORT,0.00000000,0.0000,0
2024-09-20T18:55:00,BTCUSDT,BUY,62993.99000000,62865.45000000,0.00100000,EXIT_SIGNAL,0.12854000,0.0020,30
2024-09-20T23:15:00,BTCUSDT,SELL,63080.24000000,0.00000000,0.00100000,ENTRY_SHORT,0.00000000,0.0000,0
2024-09-20T23:35:00,BTCUSDT,BUY,63080.24000000,63168.74000000,0.00100000,EXIT_SIGNAL,-0.08850000,-0.0014,4
2024-09-21T11:25:00,BTCUSDT,BUY,63052.01000000,0.00000000,0.00100000,ENTRY_LONG,0.00000000,0.0000,0
2024-09-21T15:20:00,BTCUSDT,SELL,63052.01000000,63160.01000000,0.00100000,EXIT_SIGNAL,0.10800000,0.0017,47
2024-09-21T16:55:00,BTCUSDT,BUY,63215.13000000,0.00000000,0.00100000,ENTRY_LONG,0.00000000,0.0000,0
2024-09-21T18:35:00,BTCUSDT,SELL,63215.13000000,63239.00000000,0.00100000,EXIT_SIGNAL,0.02387000,0.0004,20
2024-09-21T22:45:00,BTCUSDT,BUY,63159.99000000,0.00000000,0.00100000,ENTRY_LONG,0.00000000,0.0000,0
2024-09-22T00:25:00,BTCUSDT,SELL,63159.99000000,63154.69000000,0.00100000,EXIT_SIGNAL,-0.00530000,-0.0001,20
2024-09-22T09:05:00,BTCUSDT,SELL,62820.09000000,0.00000000,0.00100000,ENTRY_SHORT,0.00000000,0.0000,0
2024-09-22T11:35:00,BTCUSDT,BUY,62820.09000000,62836.46000000,0.00100000,EXIT_SIGNAL,-0.01637000,-0.0003,30
2024-09-22T16:05:00,BTCUSDT,SELL,62597.84000000,0.00000000,0.00100000,ENTRY_SHORT,0.00000000,0.0000,0
2024-09-22T16:35:00,BTCUSDT,BUY,62597.84000000,62762.50000000,0.00100000,EXIT_SIGNAL,-0.16466000,-0.0026,6
2024-09-22T22:40:00,BTCUSDT,BUY,63500.75000000,0.00000000,0.00100000,ENTRY_LONG,0.00000000,0.0000,0
2024-09-23T00:10:00,BTCUSDT,SELL,63500.75000000,63044.38000000,0.00100000,EXIT_SIGNAL,-0.45637000,-0.0072,18
2024-09-23T09:20:00,BTCUSDT,BUY,63659.99000000,0.00000000,0.00100000,ENTRY_LONG,0.00000000,0.0000,0
2024-09-23T10:15:00,BTCUSDT,SELL,63659.99000000,63475.04000000,0.00100000,EXIT_SIGNAL,-0.18495000,-0.0029,11
2024-09-23T15:00:00,BTCUSDT,SELL,63191.51000000,0.00000000,0.00100000,ENTRY_SHORT,0.00000000,0.0000,0
2024-09-23T15:25:00,BTCUSDT,BUY,63191.51000000,63494.00000000,0.00100000,EXIT_SIGNAL,-0.30249000,-0.0048,5
2024-09-23T19:35:00,BTCUSDT,SELL,63284.63000000,0.00000000,0.00100000,ENTRY_SHORT,0.00000000,0.0000,0
2024-09-23T20:50:00,BTCUSDT,BUY,63284.63000000,63409.44000000,0.00100000,EXIT_SIGNAL,-0.12481000,-0.0020,15
2024-09-23T23:20:00,BTCUSDT,SELL,63220.00000000,0.00000000,0.00100000,ENTRY_SHORT,0.00000000,0.0000,0
2024-09-23T23:35:00,BTCUSDT,BUY,63220.00000000,63362.00000000,0.00100000,EXIT_SIGNAL,-0.14200000,-0.0022,3
2024-09-24T04:40:00,BTCUSDT,SELL,63023.31000000,0.00000000,0.00100000,ENTRY_SHORT,0.00000000,0.0000,0
2024-09-24T05:00:00,BTCUSDT,BUY,63023.31000000,63111.14000000,0.00100000,EXIT_SIGNAL,-0.08783000,-0.0014,4
2024-09-24T12:20:00,BTCUSDT,BUY,63656.28000000,0.00000000,0.00100000,ENTRY_LONG,0.00000000,0.0000,0
2024-09-24T12:45:00,BTCUSDT,SELL,63656.28000000,63444.00000000,0.00100000,EXIT_SIGNAL,-0.21228000,-0.0033,5
2024-09-24T22:05:00,BTCUSDT,BUY,64291.99000000,0.00000000,0.00100000,ENTRY_LONG,0.00000000,0.0000,0
2024-09-24T23:55:00,BTCUSDT,SELL,64291.99000000,64262.70000000,0.00100000,EXIT_SIGNAL,-0.02929000,-0.0005,22
2024-09-25T01:30:00,BTCUSDT,BUY,64447.00000000,0.00000000,0.00100000,ENTRY_LONG,0.00000000,0.0000,0
2024-09-25T03:05:00,BTCUSDT,SELL,64447.00000000,64254.00000000,0.00100000,EXIT_SIGNAL,-0.19300000,-0.0030,19
2024-09-25T12:50:00,BTCUSDT,SELL,63646.95000000,0.00000000,0.00100000,ENTRY_SHORT,0.00000000,0.0000,0
2024-09-25T14:00:00,BTCUSDT,BUY,63646.95000000,63720.00000000,0.00100000,EXIT_SIGNAL,-0.07305000,-0.0011,14
2024-09-25T19:35:00,BTCUSDT,SELL,63254.01000000,0.00000000,0.00100000,ENTRY_SHORT,0.00000000,0.0000,0
2024-09-25T20:20:00,BTCUSDT,BUY,63254.01000000,63333.49000000,0.00100000,EXIT_SIGNAL,-0.07948000,-0.0013,9
2024-09-26T00:35:00,BTCUSDT,SELL,63077.99000000,0.00000000,0.00100000,ENTRY_SHORT,0.00000000,0.0000,0
2024-09-26T02:00:00,BTCUSDT,BUY,63077.99000000,63104.01000000,0.00100000,EXIT_SIGNAL,-0.02602000,-0.0004,17
2024-09-26T14:00:00,BTCUSDT,BUY,64559.01000000,0.00000000,0.00100000,ENTRY_LONG,0.00000000,0.0000,0
2024-09-26T17:50:00,BTCUSDT,SELL,64559.01000000,65202.33000000,0.00100000,EXIT_SIGNAL,0.64332000,0.0100,46
2024-09-26T23:40:00,BTCUSDT,BUY,65081.76000000,0.00000000,0.00100000,ENTRY_LONG,0.00000000,0.0000,0
2024-09-27T01:45:00,BTCUSDT,SELL,65081.76000000,65080.00000000,0.00100000,EXIT_SIGNAL,-0.00176000,-0.0000,25
2024-09-27T05:55:00,BTCUSDT,BUY,65354.58000000,0.00000000,0.00100000,ENTRY_LONG,0.00000000,0.0000,0
2024-09-27T10:15:00,BTCUSDT,SELL,65354.58000000,65527.84000000,0.00100000,EXIT_SIGNAL,0.17326000,0.0027,52
2024-09-27T14:00:00,BTCUSDT,BUY,65841.99000000,0.00000000,0.00100000,ENTRY_LONG,0.00000000,0.0000,0
2024-09-27T16:10:00,BTCUSDT,SELL,65841.99000000,66104.00000000,0.00100000,EXIT_SIGNAL,0.26201000,0.0040,26
2024-09-27T20:40:00,BTCUSDT,BUY,65871.76000000,0.00000000,0.00100000,ENTRY_LONG,0.00000000,0.0000,0
2024-09-27T23:15:00,BTCUSDT,SELL,65871.76000000,65770.00000000,0.00100000,EXIT_SIGNAL,-0.10176000,-0.0015,31
2024-09-28T04:25:00,BTCUSDT,BUY,66081.99000000,0.00000000,0.00100000,ENTRY_LONG,0.00000000,0.0000,0
2024-09-28T04:45:00,BTCUSDT,SELL,66081.99000000,66000.53000000,0.00100000,EXIT_SIGNAL,-0.08146000,-0.0012,4
2024-09-28T15:40:00,BTCUSDT,SELL,65622.79000000,0.00000000,0.00100000,ENTRY_SHORT,0.00000000,0.0000,0
2024-09-28T17:25:00,BTCUSDT,BUY,65622.79000000,65685.82000000,0.00100000,EXIT_SIGNAL,-0.06303000,-0.0010,21
2024-09-28T23:10:00,BTCUSDT,SELL,65646.01000000,0.00000000,0.00100000,ENTRY_SHORT,0.00000000,0.0000,0
2024-09-28T23:40:00,BTCUSDT,BUY,65646.01000000,65717.99000000,0.00100000,EXIT_SIGNAL,-0.07198000,-0.0011,6
2024-09-29T10:10:00,BTCUSDT,SELL,65542.76000000,0.00000000,0.00100000,ENTRY_SHORT,0.00000000,0.0000,0
2024-09-29T11:05:00,BTCUSDT,BUY,65542.76000000,65627.00000000,0.00100000,EXIT_SIGNAL,-0.08424000,-0.0013,11
2024-09-29T15:40:00,BTCUSDT,BUY,65736.01000000,0.00000000,0.00100000,ENTRY_LONG,0.00000000,0.0000,0
2024-09-29T16:30:00,BTCUSDT,SELL,65736.01000000,65684.20000000,0.00100000,EXIT_SIGNAL,-0.05181000,-0.0008,10
2024-09-29T19:10:00,BTCUSDT,BUY,65822.00000000,0.00000000,0.00100000,ENTRY_LONG,0.00000000,0.0000,0
2024-09-29T20:50:00,BTCUSDT,SELL,65822.00000000,65810.00000000,0.00100000,EXIT_SIGNAL,-0.01200000,-0.0002,20
2024-09-30T06:40:00,BTCUSDT,SELL,64435.03000000,0.00000000,0.00100000,ENTRY_SHORT,0.00000000,0.0000,0
2024-09-30T07:15:00,BTCUSDT,BUY,64435.03000000,64638.00000000,0.00100000,EXIT_SIGNAL,-0.20297000,-0.0031,7
2024-09-30T14:00:00,BTCUSDT,SELL,63798.65000000,0.00000000,0.00100000,ENTRY_SHORT,0.00000000,0.0000,0
2024-09-30T17:55:00,BTCUSDT,BUY,63798.65000000,63696.00000000,0.00100000,EXIT_SIGNAL,0.10265000,0.0016,47
2024-09-30T22:20:00,BTCUSDT,SELL,63668.00000000,0.00000000,0.00100000,ENTRY_SHORT,0.00000000,0.0000,0
2024-10-01T00:50:00,BTCUSDT,BUY,63668.00000000,63516.00000000,0.00100000,EXIT_SIGNAL,0.15200000,0.0024,30
2024-10-01T05:50:00,BTCUSDT,SELL,63705.20000000,0.00000000,0.00100000,ENTRY_SHORT,0.00000000,0.0000,0
2024-10-01T05:55:00,BTCUSDT,BUY,63705.20000000,63749.99000000,0.00100000,EXIT_SIGNAL,-0.04479000,-0.0007,1
2024-10-01T11:10:00,BTCUSDT,BUY,63937.98000000,0.00000000,0.00100000,ENTRY_LONG,0.00000000,0.0000,0
2024-10-01T11:15:00,BTCUSDT,SELL,63937.98000000,63885.99000000,0.00100000,EXIT_SIGNAL,-0.05199000,-0.0008,1
2024-10-02T00:00:00,BTCUSDT,SELL,60824.01000000,0.00000000,0.00100000,ENTRY_SHORT,0.00000000,0.0000,0
2024-10-02T00:05:00,BTCUSDT,BUY,60824.01000000,60942.00000000,0.00100000,EXIT_SIGNAL,-0.11799000,-0.0019,1
2024-10-02T09:15:00,BTCUSDT,SELL,61636.01000000,0.00000000,0.00100000,ENTRY_SHORT,0.00000000,0.0000,0
2024-10-02T13:55:00,BTCUSDT,BUY,61636.01000000,61350.00000000,0.00100000,EXIT_SIGNAL,0.28601000,0.0046,56
2024-10-02T23:40:00,BTCUSDT,SELL,60700.00000000,0.00000000,0.00100000,ENTRY_SHORT,0.00000000,0.0000,0
2024-10-03T00:30:00,BTCUSDT,BUY,60700.00000000,60954.00000000,0.00100000,EXIT_SIGNAL,-0.25400000,-0.0042,10
2024-10-03T11:30:00,BTCUSDT,SELL,60622.00000000,0.00000000,0.00100000,ENTRY_SHORT,0.00000000,0.0000,0
2024-10-03T14:15:00,BTCUSDT,BUY,60622.00000000,60675.48000000,0.00100000,EXIT_SIGNAL,-0.05348000,-0.0009,33
2024-10-03T16:30:00,BTCUSDT,SELL,60205.11000000,0.00000000,0.00100000,ENTRY_SHORT,0.00000000,0.0000,0
2024-10-03T17:20:00,BTCUSDT,BUY,60205.11000000,60609.06000000,0.00100000,EXIT_SIGNAL,-0.40395000,-0.0067,10
2024-10-03T22:05:00,BTCUSDT,BUY,60842.00000000,0.00000000,0.00100000,ENTRY_LONG,0.00000000,0.0000,0
2024-10-03T22:15:00,BTCUSDT,SELL,60842.00000000,60766.00000000,0.00100000,EXIT_SIGNAL,-0.07600000,-0.0012,2
2024-10-04T01:20:00,BTCUSDT,BUY,60969.07000000,0.00000000,0.00100000,ENTRY_LONG,0.00000000,0.0000,0
2024-10-04T03:15:00,BTCUSDT,SELL,60969.07000000,60933.99000000,0.00100000,EXIT_SIGNAL,-0.03508000,-0.0006,23
2024-10-04T07:10:00,BTCUSDT,BUY,61188.00000000,0.00000000,0.00100000,ENTRY_LONG,0.00000000,0.0000,0
2024-10-04T09:40:00,BTCUSDT,SELL,61188.00000000,61351.12000000,0.00100000,EXIT_SIGNAL,0.16312000,0.0027,30
2024-10-04T11:40:00,BTCUSDT,BUY,61394.02000000,0.00000000,0.00100000,ENTRY_LONG,0.00000000,0.0000,0
2024-10-04T14:05:00,BTCUSDT,SELL,61394.02000000,61268.01000000,0.00100000,EXIT_SIGNAL,-0.12601000,-0.0021,29
2024-10-04T18:15:00,BTCUSDT,BUY,62076.00000000,0.00000000,0.00100000,ENTRY_LONG,0.00000000,0.0000,0
2024-10-04T20:30:00,BTCUSDT,SELL,62076.00000000,62182.99000000,0.00100000,EXIT_SIGNAL,0.10699000,0.0017,27
2024-10-05T00:55:00,BTCUSDT,BUY,62170.00000000,0.00000000,0.00100000,ENTRY_LONG,0.00000000,0.0000,0
2024-10-05T01:00:00,BTCUSDT,SELL,62170.00000000,62083.61000000,0.00100000,EXIT_SIGNAL,-0.08639000,-0.0014,1
2024-10-05T08:30:00,BTCUSDT,BUY,62174.00000000,0.00000000,0.00100000,ENTRY_LONG,0.00000000,0.0000,0
2024-10-05T08:40:00,BTCUSDT,SELL,62174.00000000,62090.01000000,0.00100000,EXIT_SIGNAL,-0.08399000,-0.0014,2
2024-10-05T12:25:00,BTCUSDT,BUY,62246.00000000,0.00000000,0.00100000,ENTRY_LONG,0.00000000,0.0000,0
2024-10-05T13:40:00,BTCUSDT,SELL,62246.00000000,62182.00000000,0.00100000,EXIT_SIGNAL,-0.06400000,-0.0010,15
2024-10-06T02:35:00,BTCUSDT,SELL,61953.63000000,0.00000000,0.00100000,ENTRY_SHORT,0.00000000,0.0000,0
2024-10-06T05:30:00,BTCUSDT,BUY,61953.63000000,61938.00000000,0.00100000,EXIT_SIGNAL,0.01563000,0.0003,35
2024-10-06T11:20:00,BTCUSDT,BUY,62060.61000000,0.00000000,0.00100000,ENTRY_LONG,0.00000000,0.0000,0
2024-10-06T17:45:00,BTCUSDT,SELL,62060.61000000,62630.11000000,0.00100000,EXIT_SIGNAL,0.56950000,0.0092,77
2024-10-06T22:45:00,BTCUSDT,BUY,62582.00000000,0.00000000,0.00100000,ENTRY_LONG,0.00000000,0.0000,0
2024-10-07T03:20:00,BTCUSDT,SELL,62582.00000000,63620.58000000,0.00100000,EXIT_SIGNAL,1.03858000,0.0166,55
2024-10-07T08:05:00,BTCUSDT,BUY,63630.68000000,0.00000000,0.00100000,ENTRY_LONG,0.00000000,0.0000,0
2024-10-07T09:00:00,BTCUSDT,SELL,63630.68000000,63458.01000000,0.00100000,EXIT_SIGNAL,-0.17267000,-0.0027,11
2024-10-07T16:40:00,BTCUSDT,BUY,63781.99000000,0.00000000,0.00100000,ENTRY_LONG,0.00000000,0.0000,0
2024-10-07T17:25:00,BTCUSDT,SELL,63781.99000000,63624.20000000,0.00100000,EXIT_SIGNAL,-0.15779000,-0.0025,9
2024-10-07T20:00:00,BTCUSDT,BUY,63380.01000000,0.00000000,0.00100000,ENTRY_LONG,0.00000000,0.0000,0
2024-10-07T20:05:00,BTCUSDT,SELL,63380.01000000,63286.01000000,0.00100000,EXIT_SIGNAL,-0.09400000,-0.0015,1
2024-10-08T02:25:00,BTCUSDT,SELL,62457.21000000,0.00000000,0.00100000,ENTRY_SHORT,0.00000000,0.0000,0
2024-10-08T02:50:00,BTCUSDT,BUY,62457.21000000,62640.46000000,0.00100000,EXIT_SIGNAL,-0.18325000,-0.0029,5
2024-10-08T12:40:00,BTCUSDT,SELL,62460.00000000,0.00000000,0.00100000,ENTRY_SHORT,0.00000000,0.0000,0
2024-10-08T12:50:00,BTCUSDT,BUY,62460.00000000,62569.99000000,0.00100000,EXIT_SIGNAL,-0.10999000,-0.0018,2
2024-10-08T14:25:00,BTCUSDT,SELL,62368.01000000,0.00000000,0.00100000,ENTRY_SHORT,0.00000000,0.0000,0
2024-10-08T15:00:00,BTCUSDT,BUY,62368.01000000,62700.31000000,0.00100000,EXIT_SIGNAL,-0.33230000,-0.0053,7
2024-10-08T17:15:00,BTCUSDT,SELL,62238.94000000,0.00000000,0.00100000,ENTRY_SHORT,0.00000000,0.0000,0
2024-10-08T18:10:00,BTCUSDT,BUY,62238.94000000,62419.99000000,0.00100000,EXIT_SIGNAL,-0.18105000,-0.0029,11
2024-10-08T22:25:00,BTCUSDT,SELL,62224.00000000,0.00000000,0.00100000,ENTRY_SHORT,0.00000000,0.0000,0
2024-10-09T00:30:00,BTCUSDT,BUY,62224.00000000,62226.51000000,0.00100000,EXIT_SIGNAL,-0.00251000,-0.0000,25
2024-10-09T03:00:00,BTCUSDT,SELL,62291.21000000,0.00000000,0.00100000,ENTRY_SHORT,0.00000000,0.0000,0
2024-10-09T03:25:00,BTCUSDT,BUY,62291.21000000,62379.99000000,0.00100000,EXIT_SIGNAL,-0.08878000,-0.0014,5
2024-10-09T12:05:00,BTCUSDT,SELL,62099.88000000,0.00000000,0.00100000,ENTRY_SHORT,0.00000000,0.0000,0
2024-10-09T15:10:00,BTCUSDT,BUY,62099.88000000,62150.01000000,0.00100000,EXIT_SIGNAL,-0.05013000,-0.0008,37
2024-10-10T04:15:00,BTCUSDT,SELL,60825.94000000,0.00000000,0.00100000,ENTRY_SHORT,0.00000000,0.0000,0
2024-10-10T04:20:00,BTCUSDT,BUY,60825.94000000,60874.41000000,0.00100000,EXIT_SIGNAL,-0.04847000,-0.0008,1
2024-10-10T07:40:00,BTCUSDT,SELL,60950.16000000,0.00000000,0.00100000,ENTRY_SHORT,0.00000000,0.0000,0
2024-10-10T09:55:00,BTCUSDT,BUY,60950.16000000,60935.15000000,0.00100000,EXIT_SIGNAL,0.01501000,0.0002,27
2024-10-10T16:25:00,BTCUSDT,SELL,60557.95000000,0.00000000,0.00100000,ENTRY_SHORT,0.00000000,0.0000,0
2024-10-10T19:40:00,BTCUSDT,BUY,60557.95000000,59686.01000000,0.00100000,EXIT_SIGNAL,0.87194000,0.0144,39
2024-10-11T06:20:00,BTCUSDT,BUY,60669.00000000,0.00000000,0.00100000,ENTRY_LONG,0.00000000,0.0000,0
2024-10-11T07:50:00,BTCUSDT,SELL,60669.00000000,60666.00000000,0.00100000,EXIT_SIGNAL,-0.00300000,-0.0000,18
2024-10-12T00:15:00,BTCUSDT,BUY,62657.02000000,0.00000000,0.00100000,ENTRY_LONG,0.00000000,0.0000,0
2024-10-12T02:05:00,BTCUSDT,SELL,62657.02000000,62700.44000000,0.00100000,EXIT_SIGNAL,0.04342000,0.0007,22
2024-10-12T05:10:00,BTCUSDT,BUY,62630.00000000,0.00000000,0.00100000,ENTRY_LONG,0.00000000,0.0000,0
2024-10-12T07:05:00,BTCUSDT,SELL,62630.00000000,62661.52000000,0.00100000,EXIT_SIGNAL,0.03152000,0.0005,23
2024-10-12T09:30:00,BTCUSDT,BUY,62735.96000000,0.00000000,0.00100000,ENTRY_LONG,0.00000000,0.0000,0
2024-10-12T12:00:00,BTCUSDT,SELL,62735.96000000,62828.00000000,0.00100000,EXIT_SIGNAL,0.09204000,0.0015,30
2024-10-12T16:05:00,BTCUSDT,BUY,63264.89000000,0.00000000,0.00100000,ENTRY_LONG,0.00000000,0.0000,0
2024-10-12T16:35:00,BTCUSDT,SELL,63264.89000000,63119.31000000,0.00100000,EXIT_SIGNAL,-0.14558000,-0.0023,6
2024-10-12T20:05:00,BTCUSDT,BUY,63080.80000000,0.00000000,0.00100000,ENTRY_LONG,0.00000000,0.0000,0
2024-10-12T23:45:00,BTCUSDT,SELL,63080.80000000,63201.72000000,0.00100000,EXIT_SIGNAL,0.12092000,0.0019,44
2024-10-13T00:40:00,BTCUSDT,BUY,63270.01000000,0.00000000,0.00100000,ENTRY_LONG,0.00000000,0.0000,0
2024-10-13T00:55:00,BTCUSDT,SELL,63270.01000000,63190.23000000,0.00100000,EXIT_SIGNAL,-0.07978000,-0.0013,3
2024-10-13T08:50:00,BTCUSDT,SELL,62818.55000000,0.00000000,0.00100000,ENTRY_SHORT,0.00000000,0.0000,0
2024-10-13T12:45:00,BTCUSDT,BUY,62818.55000000,62717.44000000,0.00100000,EXIT_SIGNAL,0.10111000,0.0016,47
2024-10-13T18:00:00,BTCUSDT,SELL,62439.96000000,0.00000000,0.00100000,ENTRY_SHORT,0.00000000,0.0000,0
2024-10-13T19:20:00,BTCUSDT,BUY,62439.96000000,62555.06000000,0.00100000,EXIT_SIGNAL,-0.11510000,-0.0018,16
2024-10-14T01:25:00,BTCUSDT,BUY,62787.87000000,0.00000000,0.00100000,ENTRY_LONG,0.00000000,0.0000,0
2024-10-14T01:50:00,BTCUSDT,SELL,62787.87000000,62608.13000000,0.00100000,EXIT_SIGNAL,-0.17974000,-0.0029,5
2024-10-14T12:30:00,BTCUSDT,BUY,64941.01000000,0.00000000,0.00100000,ENTRY_LONG,0.00000000,0.0000,0
2024-10-14T13:00:00,BTCUSDT,SELL,64941.01000000,64758.59000000,0.00100000,EXIT_SIGNAL,-0.18242000,-0.0028,6
2024-10-14T18:10:00,BTCUSDT,BUY,65813.62000000,0.00000000,0.00100000,ENTRY_LONG,0.00000000,0.0000,0
2024-10-14T21:00:00,BTCUSDT,SELL,65813.62000000,65875.89000000,0.00100000,EXIT_SIGNAL,0.06227000,0.0009,34
2024-10-14T22:10:00,BTCUSDT,BUY,65981.81000000,0.00000000,0.00100000,ENTRY_LONG,0.00000000,0.0000,0
2024-10-15T00:05:00,BTCUSDT,SELL,65981.81000000,66007.51000000,0.00100000,EXIT_SIGNAL,0.02570000,0.0004,23
2024-10-15T04:45:00,BTCUSDT,BUY,65652.53000000,0.00000000,0.00100000,ENTRY_LONG,0.00000000,0.0000,0
2024-10-15T05:00:00,BTCUSDT,SELL,65652.53000000,65523.72000000,0.00100000,EXIT_SIGNAL,-0.12881000,-0.0020,3
2024-10-15T06:50:00,BTCUSDT,BUY,65538.00000000,0.00000000,0.00100000,ENTRY_LONG,0.00000000,0.0000,0
2024-10-15T09:10:00,BTCUSDT,SELL,65538.00000000,65651.99000000,0.00100000,EXIT_SIGNAL,0.11399000,0.0017,28
2024-10-15T09:45:00,BTCUSDT,BUY,65730.66000000,0.00000000,0.00100000,ENTRY_LONG,0.00000000,0.0000,0
2024-10-15T09:55:00,BTCUSDT,SELL,65730.66000000,65637.99000000,0.00100000,EXIT_SIGNAL,-0.09267000,-0.0014,2
2024-10-15T10:40:00,BTCUSDT,BUY,65710.16000000,0.00000000,0.00100000,ENTRY_LONG,0.00000000,0.0000,0
2024-10-15T11:05:00,BTCUSDT,SELL,65710.16000000,65611.02000000,0.00100000,EXIT_SIGNAL,-0.09914000,-0.0015,5
2024-10-15T16:05:00,BTCUSDT,BUY,66404.81000000,0.00000000,0.00100000,ENTRY_LONG,0.00000000,0.0000,0
2024-10-15T19:10:00,BTCUSDT,SELL,66404.81000000,66839.99000000,0.00100000,EXIT_SIGNAL,0.43518000,0.0066,37
2024-10-15T22:20:00,BTCUSDT,BUY,66819.86000000,0.00000000,0.00100000,ENTRY_LONG,0.00000000,0.0000,0
2024-10-16T03:15:00,BTCUSDT,SELL,66819.86000000,67143.39000000,0.00100000,EXIT_SIGNAL,0.32353000,0.0048,59
2024-10-16T08:15:00,BTCUSDT,BUY,67082.76000000,0.00000000,0.00100000,ENTRY_LONG,0.00000000,0.0000,0
2024-10-16T13:05:00,BTCUSDT,SELL,67082.76000000,67809.61000000,0.00100000,EXIT_SIGNAL,0.72685000,0.0108,58
2024-10-16T15:20:00,BTCUSDT,BUY,67895.67000000,0.00000000,0.00100000,ENTRY_LONG,0.00000000,0.0000,0
2024-10-16T16:15:00,BTCUSDT,SELL,67895.67000000,67602.50000000,0.00100000,EXIT_SIGNAL,-0.29317000,-0.0043,11
2024-10-16T20:20:00,BTCUSDT,BUY,67840.01000000,0.00000000,0.00100000,ENTRY_LONG,0.00000000,0.0000,0
2024-10-16T20:50:00,BTCUSDT,SELL,67840.01000000,67738.23000000,0.00100000,EXIT_SIGNAL,-0.10178000,-0.0015,6
2024-10-16T23:30:00,BTCUSDT,BUY,67761.74000000,0.00000000,0.00100000,ENTRY_LONG,0.00000000,0.0000,0
2024-10-16T23:40:00,BTCUSDT,SELL,67761.74000000,67658.00000000,0.00100000,EXIT_SIGNAL,-0.10374000,-0.0015,2
2024-10-17T01:55:00,BTCUSDT,BUY,67893.98000000,0.00000000,0.00100000,ENTRY_LONG,0.00000000,0.0000,0
2024-10-17T02:15:00,BTCUSDT,SELL,67893.98000000,67535.99000000,0.00100000,EXIT_SIGNAL,-0.35799000,-0.0053,4
2024-10-17T06:55:00,BTCUSDT,SELL,67162.87000000,0.00000000,0.00100000,ENTRY_SHORT,0.00000000,0.0000,0
2024-10-17T08:30:00,BTCUSDT,BUY,67162.87000000,67326.52000000,0.00100000,EXIT_SIGNAL,-0.16365000,-0.0024,19
2024-10-17T13:30:00,BTCUSDT,SELL,66844.01000000,0.00000000,0.00100000,ENTRY_SHORT,0.00000000,0.0000,0
2024-10-17T13:45:00,BTCUSDT,BUY,66844.01000000,67269.64000000,0.00100000,EXIT_SIGNAL,-0.42563000,-0.0064,3
2024-10-17T18:00:00,BTCUSDT,SELL,67150.00000000,0.00000000,0.00100000,ENTRY_SHORT,0.00000000,0.0000,0
2024-10-17T20:20:00,BTCUSDT,BUY,67150.00000000,67066.00000000,0.00100000,EXIT_SIGNAL,0.08400000,0.0013,28
2024-10-18T01:05:00,BTCUSDT,BUY,67554.01000000,0.00000000,0.00100000,ENTRY_LONG,0.00000000,0.0000,0
2024-10-18T03:40:00,BTCUSDT,SELL,67554.01000000,67750.16000000,0.00100000,EXIT_SIGNAL,0.19615000,0.0029,31
2024-10-18T09:10:00,BTCUSDT,BUY,68011.48000000,0.00000000,0.00100000,ENTRY_LONG,0.00000000,0.0000,0
2024-10-18T09:25:00,BTCUSDT,SELL,68011.48000000,67919.98000000,0.00100000,EXIT_SIGNAL,-0.09150000,-0.0013,3
2024-10-18T11:05:00,BTCUSDT,BUY,67954.28000000,0.00000000,0.00100000,ENTRY_LONG,0.00000000,0.0000,0
2024-10-18T11:30:00,BTCUSDT,SELL,67954.28000000,67857.83000000,0.00100000,EXIT_SIGNAL,-0.09645000,-0.0014,5
2024-10-18T18:20:00,BTCUSDT,BUY,68789.99000000,0.00000000,0.00100000,ENTRY_LONG,0.00000000,0.0000,0
2024-10-18T19:30:00,BTCUSDT,SELL,68789.99000000,68720.39000000,0.00100000,EXIT_SIGNAL,-0.06960000,-0.0010,14
2024-10-19T01:10:00,BTCUSDT,BUY,68437.64000000,0.00000000,0.00100000,ENTRY_LONG,0.00000000,0.0000,0
2024-10-19T01:55:00,BTCUSDT,SELL,68437.64000000,68340.02000000,0.00100000,EXIT_SIGNAL,-0.09762000,-0.0014,9
2024-10-19T08:25:00,BTCUSDT,BUY,68425.91000000,0.00000000,0.00100000,ENTRY_LONG,0.00000000,0.0000,0
2024-10-19T09:40:00,BTCUSDT,SELL,68425.91000000,68352.55000000,0.00100000,EXIT_SIGNAL,-0.07336000,-0.0011,15
2024-10-19T15:35:00,BTCUSDT,SELL,68199.99000000,0.00000000,0.00100000,ENTRY_SHORT,0.00000000,0.0000,0
2024-10-19T18:20:00,BTCUSDT,BUY,68199.99000000,68167.12000000,0.00100000,EXIT_SIGNAL,0.03287000,0.0005,33
2024-10-20T05:30:00,BTCUSDT,SELL,68193.99000000,0.00000000,0.00100000,ENTRY_SHORT,0.00000000,0.0000,0
2024-10-20T06:20:00,BTCUSDT,BUY,68193.99000000,68242.42000000,0.00100000,EXIT_SIGNAL,-0.04843000,-0.0007,10
2024-10-20T13:45:00,BTCUSDT,BUY,68441.39000000,0.00000000,0.00100000,ENTRY_LONG,0.00000000,0.0000,0
2024-10-20T15:20:00,BTCUSDT,SELL,68441.39000000,68455.02000000,0.00100000,EXIT_SIGNAL,0.01363000,0.0002,19
2024-10-20T18:00:00,BTCUSDT,BUY,68582.84000000,0.00000000,0.00100000,ENTRY_LONG,0.00000000,0.0000,0
2024-10-20T19:20:00,BTCUSDT,SELL,68582.84000000,68551.69000000,0.00100000,EXIT_SIGNAL,-0.03115000,-0.0005,16
2024-10-21T04:50:00,BTCUSDT,BUY,69008.97000000,0.00000000,0.00100000,ENTRY_LONG,0.00000000,0.0000,0
2024-10-21T06:55:00,BTCUSDT,SELL,69008.97000000,68699.36000000,0.00100000,EXIT_SIGNAL,-0.30961000,-0.0045,25
2024-10-21T22:35:00,BTCUSDT,SELL,67666.66000000,0.00000000,0.00100000,ENTRY_SHORT,0.00000000,0.0000,0
2024-10-21T22:55:00,BTCUSDT,BUY,67666.66000000,67781.07000000,0.00100000,EXIT_SIGNAL,-0.11441000,-0.0017,4
2024-10-22T02:55:00,BTCUSDT,SELL,67317.23000000,0.00000000,0.00100000,ENTRY_SHORT,0.00000000,0.0000,0
2024-10-22T04:30:00,BTCUSDT,BUY,67317.23000000,67446.70000000,0.00100000,EXIT_SIGNAL,-0.12947000,-0.0019,19
2024-10-22T07:30:00,BTCUSDT,SELL,67585.99000000,0.00000000,0.00100000,ENTRY_SHORT,0.00000000,0.0000,0
2024-10-22T10:30:00,BTCUSDT,BUY,67585.99000000,67131.99000000,0.00100000,EXIT_SIGNAL,0.45400000,0.0067,36
2024-10-22T16:00:00,BTCUSDT,SELL,67205.99000000,0.00000000,0.00100000,ENTRY_SHORT,0.00000000,0.0000,0
2024-10-22T17:20:00,BTCUSDT,BUY,67205.99000000,67341.83000000,0.00100000,EXIT_SIGNAL,-0.13584000,-0.0020,16
2024-10-23T02:15:00,BTCUSDT,SELL,67226.00000000,0.00000000,0.00100000,ENTRY_SHORT,0.00000000,0.0000,0
2024-10-23T04:35:00,BTCUSDT,BUY,67226.00000000,67228.00000000,0.00100000,EXIT_SIGNAL,-0.00200000,-0.0000,28
2024-10-23T06:50:00,BTCUSDT,SELL,66959.19000000,0.00000000,0.00100000,ENTRY_SHORT,0.00000000,0.0000,0
2024-10-23T13:10:00,BTCUSDT,BUY,66959.19000000,66509.82000000,0.00100000,EXIT_SIGNAL,0.44937000,0.0067,76
2024-10-23T22:20:00,BTCUSDT,SELL,66370.12000000,0.00000000,0.00100000,ENTRY_SHORT,0.00000000,0.0000,0
2024-10-23T22:40:00,BTCUSDT,BUY,66370.12000000,66540.00000000,0.00100000,EXIT_SIGNAL,-0.16988000,-0.0026,4
2024-10-24T04:40:00,BTCUSDT,BUY,67328.00000000,0.00000000,0.00100000,ENTRY_LONG,0.00000000,0.0000,0
2024-10-24T06:45:00,BTCUSDT,SELL,67328.00000000,67236.00000000,0.00100000,EXIT_SIGNAL,-0.09200000,-0.0014,25
2024-10-24T17:35:00,BTCUSDT,BUY,67779.93000000,0.00000000,0.00100000,ENTRY_LONG,0.00000000,0.0000,0
2024-10-24T22:35:00,BTCUSDT,SELL,67779.93000000,68237.95000000,0.00100000,EXIT_SIGNAL,0.45802000,0.0068,60
2024-10-25T09:40:00,BTCUSDT,SELL,67577.99000000,0.00000000,0.00100000,ENTRY_SHORT,0.00000000,0.0000,0
2024-10-25T09:45:00,BTCUSDT,BUY,67577.99000000,67681.95000000,0.00100000,EXIT_SIGNAL,-0.10396000,-0.0015,1
2024-10-25T22:50:00,BTCUSDT,SELL,66806.10000000,0.00000000,0.00100000,ENTRY_SHORT,0.00000000,0.0000,0
2024-10-26T00:20:00,BTCUSDT,BUY,66806.10000000,66748.01000000,0.00100000,EXIT_SIGNAL,0.05809000,0.0009,18
2024-10-26T01:35:00,BTCUSDT,SELL,66634.76000000,0.00000000,0.00100000,ENTRY_SHORT,0.00000000,0.0000,0
2024-10-26T01:55:00,BTCUSDT,BUY,66634.76000000,66711.99000000,0.00100000,EXIT_SIGNAL,-0.07723000,-0.0012,4
2024-10-26T07:25:00,BTCUSDT,SELL,67038.00000000,0.00000000,0.00100000,ENTRY_SHORT,0.00000000,0.0000,0
2024-10-26T08:25:00,BTCUSDT,BUY,67038.00000000,67138.00000000,0.00100000,EXIT_SIGNAL,-0.10000000,-0.0015,12
2024-10-26T10:40:00,BTCUSDT,SELL,67030.00000000,0.00000000,0.00100000,ENTRY_SHORT,0.00000000,0.0000,0
2024-10-26T11:40:00,BTCUSDT,BUY,67030.00000000,67139.99000000,0.00100000,EXIT_SIGNAL,-0.10999000,-0.0016,12
2024-10-26T16:10:00,BTCUSDT,SELL,66829.33000000,0.00000000,0.00100000,ENTRY_SHORT,0.00000000,0.0000,0
2024-10-26T16:25:00,BTCUSDT,BUY,66829.33000000,66960.48000000,0.00100000,EXIT_SIGNAL,-0.13115000,-0.0020,3
2024-10-27T03:00:00,BTCUSDT,SELL,67026.24000000,0.00000000,0.00100000,ENTRY_SHORT,0.00000000,0.0000,0
2024-10-27T03:15:00,BTCUSDT,BUY,67026.24000000,67108.33000000,0.00100000,EXIT_SIGNAL,-0.08209000,-0.0012,3
2024-10-27T08:50:00,BTCUSDT,BUY,67204.00000000,0.00000000,0.00100000,ENTRY_LONG,0.00000000,0.0000,0
2024-10-27T09:00:00,BTCUSDT,SELL,67204.00000000,67177.05000000,0.00100000,EXIT_SIGNAL,-0.02695000,-0.0004,2
2024-10-27T16:45:00,BTCUSDT,BUY,67774.64000000,0.00000000,0.00100000,ENTRY_LONG,0.00000000,0.0000,0
2024-10-27T18:05:00,BTCUSDT,SELL,67774.64000000,67668.16000000,0.00100000,EXIT_SIGNAL,-0.10648000,-0.0016,16
2024-10-27T21:15:00,BTCUSDT,BUY,67816.19000000,0.00000000,0.00100000,ENTRY_LONG,0.00000000,0.0000,0
2024-10-27T23:45:00,BTCUSDT,SELL,67816.19000000,68054.49000000,0.00100000,EXIT_SIGNAL,0.23830000,0.0035,30
2024-10-28T05:45:00,BTCUSDT,BUY,67833.98000000,0.00000000,0.00100000,ENTRY_LONG,0.00000000,0.0000,0
2024-10-28T09:20:00,BTCUSDT,SELL,67833.98000000,68288.33000000,0.00100000,EXIT_SIGNAL,0.45435000,0.0067,43
2024-10-28T14:45:00,BTCUSDT,BUY,69019.98000000,0.00000000,0.00100000,ENTRY_LONG,0.00000000,0.0000,0
2024-10-28T14:55:00,BTCUSDT,SELL,69019.98000000,68840.00000000,0.00100000,EXIT_SIGNAL,-0.17998000,-0.0026,2
2024-10-28T16:40:00,BTCUSDT,BUY,68909.09000000,0.00000000,0.00100000,ENTRY_LONG,0.00000000,0.0000,0
2024-10-29T00:10:00,BTCUSDT,SELL,68909.09000000,69855.46000000,0.00100000,EXIT_SIGNAL,0.94637000,0.0137,90
2024-10-29T05:55:00,BTCUSDT,BUY,71039.99000000,0.00000000,0.00100000,ENTRY_LONG,0.00000000,0.0000,0
2024-10-29T07:15:00,BTCUSDT,SELL,71039.99000000,70999.91000000,0.00100000,EXIT_SIGNAL,-0.04008000,-0.0006,16
2024-10-29T10:40:00,BTCUSDT,BUY,71286.00000000,0.00000000,0.00100000,ENTRY_LONG,0.00000000,0.0000,0
2024-10-29T10:55:00,BTCUSDT,SELL,71286.00000000,71171.32000000,0.00100000,EXIT_SIGNAL,-0.11468000,-0.0016,3
2024-10-29T13:40:00,BTCUSDT,BUY,71516.61000000,0.00000000,0.00100000,ENTRY_LONG,0.00000000,0.0000,0
2024-10-29T19:40:00,BTCUSDT,SELL,71516.61000000,72674.13000000,0.00100000,EXIT_SIGNAL,1.15752000,0.0162,72
2024-10-30T02:00:00,BTCUSDT,BUY,72566.00000000,0.00000000,0.00100000,ENTRY_LONG,0.00000000,0.0000,0
2024-10-30T03:00:00,BTCUSDT,SELL,72566.00000000,72323.24000000,0.00100000,EXIT_SIGNAL,-0.24276000,-0.0033,12
2024-10-30T05:05:00,BTCUSDT,BUY,72358.01000000,0.00000000,0.00100000,ENTRY_LONG,0.00000000,0.0000,0
2024-10-30T06:45:00,BTCUSDT,SELL,72358.01000000,72362.42000000,0.00100000,EXIT_SIGNAL,0.00441000,0.0001,20
2024-10-30T09:15:00,BTCUSDT,BUY,72412.55000000,0.00000000,0.00100000,ENTRY_LONG,0.00000000,0.0000,0
2024-10-30T10:45:00,BTCUSDT,SELL,72412.55000000,72371.99000000,0.00100000,EXIT_SIGNAL,-0.04056000,-0.0006,18
2024-10-30T17:05:00,BTCUSDT,SELL,71862.00000000,0.00000000,0.00100000,ENTRY_SHORT,0.00000000,0.0000,0
2024-10-30T18:15:00,BTCUSDT,BUY,71862.00000000,71979.90000000,0.00100000,EXIT_SIGNAL,-0.11790000,-0.0016,14
2024-10-30T19:15:00,BTCUSDT,SELL,71826.17000000,0.00000000,0.00100000,ENTRY_SHORT,0.00000000,0.0000,0
2024-10-30T19:45:00,BTCUSDT,BUY,71826.17000000,72045.46000000,0.00100000,EXIT_SIGNAL,-0.21929000,-0.0031,6
2024-10-30T21:50:00,BTCUSDT,BUY,72357.63000000,0.00000000,0.00100000,ENTRY_LONG,0.00000000,0.0000,0
2024-10-30T23:55:00,BTCUSDT,SELL,72357.63000000,72344.74000000,0.00100000,EXIT_SIGNAL,-0.01289000,-0.0002,25
2024-10-31T02:15:00,BTCUSDT,BUY,72360.01000000,0.00000000,0.00100000,ENTRY_LONG,0.00000000,0.0000,0
2024-10-31T03:55:00,BTCUSDT,SELL,72360.01000000,72353.74000000,0.00100000,EXIT_SIGNAL,-0.00627000,-0.0001,20
2024-10-31T09:15:00,BTCUSDT,BUY,72323.99000000,0.00000000,0.00100000,ENTRY_LONG,0.00000000,0.0000,0
2024-10-31T10:20:00,BTCUSDT,SELL,72323.99000000,72261.39000000,0.00100000,EXIT_SIGNAL,-0.06260000,-0.0009,13
2024-10-31T18:05:00,BTCUSDT,SELL,70420.00000000,0.00000000,0.00100000,ENTRY_SHORT,0.00000000,0.0000,0
2024-10-31T19:00:00,BTCUSDT,BUY,70420.00000000,70639.99000000,0.00100000,EXIT_SIGNAL,-0.21999000,-0.0031,11
2024-10-31T23:55:00,BTCUSDT,SELL,70292.01000000,0.00000000,0.00100000,ENTRY_SHORT,0.00000000,0.0000,0
2024-11-01T03:30:00,BTCUSDT,BUY,70292.01000000,69611.80000000,0.00100000,EXIT_SIGNAL,0.68021000,0.0097,43
2024-11-01T06:10:00,BTCUSDT,SELL,69400.01000000,0.00000000,0.00100000,ENTRY_SHORT,0.00000000,0.0000,0
2024-11-01T08:15:00,BTCUSDT,BUY,69400.01000000,69415.45000000,0.00100000,EXIT_SIGNAL,-0.01544000,-0.0002,25
2024-11-02T03:30:00,BTCUSDT,SELL,69637.47000000,0.00000000,0.00100000,ENTRY_SHORT,0.00000000,0.0000,0
2024-11-02T05:35:00,BTCUSDT,BUY,69637.47000000,69648.01000000,0.00100000,EXIT_SIGNAL,-0.01054000,-0.0002,25
2024-11-02T12:25:00,BTCUSDT,SELL,69529.32000000,0.00000000,0.00100000,ENTRY_SHORT,0.00000000,0.0000,0
2024-11-02T13:25:00,BTCUSDT,BUY,69529.32000000,69679.99000000,0.00100000,EXIT_SIGNAL,-0.15067000,-0.0022,12
2024-11-02T17:40:00,BTCUSDT,SELL,69340.01000000,0.00000000,0.00100000,ENTRY_SHORT,0.00000000,0.0000,0
2024-11-02T18:45:00,BTCUSDT,BUY,69340.01000000,69446.00000000,0.00100000,EXIT_SIGNAL,-0.10599000,-0.0015,13
2024-11-02T22:15:00,BTCUSDT,SELL,69478.00000000,0.00000000,0.00100000,ENTRY_SHORT,0.00000000,0.0000,0
2024-11-02T22:45:00,BTCUSDT,BUY,69478.00000000,69488.00000000,0.00100000,EXIT_SIGNAL,-0.01000000,-0.0001,6
2024-11-03T05:35:00,BTCUSDT,SELL,68439.99000000,0.00000000,0.00100000,ENTRY_SHORT,0.00000000,0.0000,0
2024-11-03T05:40:00,BTCUSDT,BUY,68439.99000000,68564.00000000,0.00100000,EXIT_SIGNAL,-0.12401000,-0.0018,1
2024-11-03T07:30:00,BTCUSDT,SELL,68416.74000000,0.00000000,0.00100000,ENTRY_SHORT,0.00000000,0.0000,0
2024-11-03T08:50:00,BTCUSDT,BUY,68416.74000000,68542.01000000,0.00100000,EXIT_SIGNAL,-0.12527000,-0.0018,16
2024-11-03T11:40:00,BTCUSDT,SELL,68402.03000000,0.00000000,0.00100000,ENTRY_SHORT,0.00000000,0.0000,0
2024-11-03T12:35:00,BTCUSDT,BUY,68402.03000000,68504.08000000,0.00100000,EXIT_SIGNAL,-0.10205000,-0.0015,11
2024-11-03T18:30:00,BTCUSDT,SELL,68175.99000000,0.00000000,0.00100000,ENTRY_SHORT,0.00000000,0.0000,0
2024-11-03T19:15:00,BTCUSDT,BUY,68175.99000000,68385.38000000,0.00100000,EXIT_SIGNAL,-0.20939000,-0.0031,9
2024-11-04T06:50:00,BTCUSDT,BUY,69138.01000000,0.00000000,0.00100000,ENTRY_LONG,0.00000000,0.0000,0
2024-11-04T07:25:00,BTCUSDT,SELL,69138.01000000,68926.01000000,0.00100000,EXIT_SIGNAL,-0.21200000,-0.0031,7
2024-11-04T12:00:00,BTCUSDT,SELL,68746.00000000,0.00000000,0.00100000,ENTRY_SHORT,0.00000000,0.0000,0
2024-11-04T12:05:00,BTCUSDT,BUY,68746.00000000,68888.00000000,0.00100000,EXIT_SIGNAL,-0.14200000,-0.0021,1
2024-11-04T20:00:00,BTCUSDT,SELL,67741.60000000,0.00000000,0.00100000,ENTRY_SHORT,0.00000000,0.0000,0
2024-11-04T22:15:00,BTCUSDT,BUY,67741.60000000,67753.99000000,0.00100000,EXIT_SIGNAL,-0.01239000,-0.0002,27
2024-11-05T02:50:00,BTCUSDT,SELL,67858.01000000,0.00000000,0.00100000,ENTRY_SHORT,0.00000000,0.0000,0
2024-11-05T03:00:00,BTCUSDT,BUY,67858.01000000,68024.00000000,0.00100000,EXIT_SIGNAL,-0.16599000,-0.0024,2
2024-11-05T12:40:00,BTCUSDT,BUY,68873.99000000,0.00000000,0.00100000,ENTRY_LONG,0.00000000,0.0000,0
2024-11-05T13:10:00,BTCUSDT,SELL,68873.99000000,68753.99000000,0.00100000,EXIT_SIGNAL,-0.12000000,-0.0017,6
2024-11-05T18:40:00,BTCUSDT,BUY,70150.90000000,0.00000000,0.00100000,ENTRY_LONG,0.00000000,0.0000,0
2024-11-05T19:20:00,BTCUSDT,SELL,70150.90000000,69970.01000000,0.00100000,EXIT_SIGNAL,-0.18089000,-0.0026,8
2024-11-06T00:10:00,BTCUSDT,BUY,69725.99000000,0.00000000,0.00100000,ENTRY_LONG,0.00000000,0.0000,0
2024-11-06T02:30:00,BTCUSDT,SELL,69725.99000000,72765.24000000,0.00100000,EXIT_TAKE_PROFIT,3.03925000,0.0436,28
2024-11-06T10:40:00,BTCUSDT,BUY,73867.38000000,0.00000000,0.00100000,ENTRY_LONG,0.00000000,0.0000,0
2024-11-06T13:05:00,BTCUSDT,SELL,73867.38000000,74007.73000000,0.00100000,EXIT_SIGNAL,0.14035000,0.0019,29
2024-11-06T15:15:00,BTCUSDT,BUY,74459.55000000,0.00000000,0.00100000,ENTRY_LONG,0.00000000,0.0000,0
2024-11-06T22:30:00,BTCUSDT,SELL,74459.55000000,75611.99000000,0.00100000,EXIT_SIGNAL,1.15244000,0.0155,87
2024-11-07T07:10:00,BTCUSDT,BUY,74844.00000000,0.00000000,0.00100000,ENTRY_LONG,0.00000000,0.0000,0
2024-11-07T09:50:00,BTCUSDT,SELL,74844.00000000,74945.98000000,0.00100000,EXIT_SIGNAL,0.10198000,0.0014,32
2024-11-07T12:15:00,BTCUSDT,BUY,74942.00000000,0.00000000,0.00100000,ENTRY_LONG,0.00000000,0.0000,0
2024-11-07T13:20:00,BTCUSDT,SELL,74942.00000000,74823.99000000,0.00100000,EXIT_SIGNAL,-0.11801000,-0.0016,13
2024-11-07T19:45:00,BTCUSDT,BUY,76402.01000000,0.00000000,0.00100000,ENTRY_LONG,0.00000000,0.0000,0
2024-11-07T21:15:00,BTCUSDT,SELL,76402.01000000,76260.00000000,0.00100000,EXIT_SIGNAL,-0.14201000,-0.0019,18
2024-11-08T03:55:00,BTCUSDT,BUY,75890.79000000,0.00000000,0.00100000,ENTRY_LONG,0.00000000,0.0000,0
2024-11-08T05:00:00,BTCUSDT,SELL,75890.79000000,75821.46000000,0.00100000,EXIT_SIGNAL,-0.06933000,-0.0009,13
2024-11-08T07:35:00,BTCUSDT,BUY,76138.00000000,0.00000000,0.00100000,ENTRY_LONG,0.00000000,0.0000,0
2024-11-08T08:15:00,BTCUSDT,SELL,76138.00000000,75839.78000000,0.00100000,EXIT_SIGNAL,-0.29822000,-0.0039,8
2024-11-08T10:30:00,BTCUSDT,BUY,75972.04000000,0.00000000,0.00100000,ENTRY_LONG,0.00000000,0.0000,0
2024-11-08T11:55:00,BTCUSDT,SELL,75972.04000000,75934.46000000,0.00100000,EXIT_SIGNAL,-0.03758000,-0.0005,17
2024-11-08T15:20:00,BTCUSDT,BUY,76348.00000000,0.00000000,0.00100000,ENTRY_LONG,0.00000000,0.0000,0
2024-11-08T16:35:00,BTCUSDT,SELL,76348.00000000,76004.00000000,0.00100000,EXIT_SIGNAL,-0.34400000,-0.0045,15
2024-11-09T00:05:00,BTCUSDT,BUY,76543.36000000,0.00000000,0.00100000,ENTRY_LONG,0.00000000,0.0000,0
2024-11-09T00:55:00,BTCUSDT,SELL,76543.36000000,76430.00000000,0.00100000,EXIT_SIGNAL,-0.11336000,-0.0015,10
2024-11-09T04:00:00,BTCUSDT,BUY,76379.49000000,0.00000000,0.00100000,ENTRY_LONG,0.00000000,0.0000,0
2024-11-09T07:05:00,BTCUSDT,SELL,76379.49000000,76464.51000000,0.00100000,EXIT_SIGNAL,0.08502000,0.0011,37
2024-11-09T14:10:00,BTCUSDT,SELL,76334.40000000,0.00000000,0.00100000,ENTRY_SHORT,0.00000000,0.0000,0
2024-11-09T15:30:00,BTCUSDT,BUY,76334.40000000,76374.00000000,0.00100000,EXIT_SIGNAL,-0.03960000,-0.0005,16
2024-11-09T19:40:00,BTCUSDT,SELL,76126.24000000,0.00000000,0.00100000,ENTRY_SHORT,0.00000000,0.0000,0
2024-11-09T20:25:00,BTCUSDT,BUY,76126.24000000,76331.89000000,0.00100000,EXIT_SIGNAL,-0.20565000,-0.0027,9
2024-11-09T21:00:00,BTCUSDT,SELL,76246.87000000,0.00000000,0.00100000,ENTRY_SHORT,0.00000000,0.0000,0
2024-11-09T21:20:00,BTCUSDT,BUY,76246.87000000,76387.14000000,0.00100000,EXIT_SIGNAL,-0.14027000,-0.0018,4
2024-11-10T02:05:00,BTCUSDT,BUY,76844.10000000,0.00000000,0.00100000,ENTRY_LONG,0.00000000,0.0000,0
2024-11-10T06:50:00,BTCUSDT,SELL,76844.10000000,78835.00000000,0.00100000,EXIT_SIGNAL,1.99090000,0.0259,57
2024-11-10T08:05:00,BTCUSDT,BUY,79000.00000000,0.00000000,0.00100000,ENTRY_LONG,0.00000000,0.0000,0
2024-11-10T12:20:00,BTCUSDT,SELL,79000.00000000,79490.01000000,0.00100000,EXIT_SIGNAL,0.49001000,0.0062,51
2024-11-10T15:40:00,BTCUSDT,BUY,79696.01000000,0.00000000,0.00100000,ENTRY_LONG,0.00000000,0.0000,0
2024-11-10T16:20:00,BTCUSDT,SELL,79696.01000000,79592.00000000,0.00100000,EXIT_SIGNAL,-0.10401000,-0.0013,8
2024-11-10T21:45:00,BTCUSDT,BUY,79694.01000000,0.00000000,0.00100000,ENTRY_LONG,0.00000000,0.0000,0
2024-11-11T03:25:00,BTCUSDT,SELL,79694.01000000,80948.00000000,0.00100000,EXIT_SIGNAL,1.25399000,0.0157,68
2024-11-11T07:50:00,BTCUSDT,BUY,81082.00000000,0.00000000,0.00100000,ENTRY_LONG,0.00000000,0.0000,0
2024-11-11T13:10:00,BTCUSDT,SELL,81082.00000000,81680.01000000,0.00100000,EXIT_SIGNAL,0.59801000,0.0074,64
2024-11-11T22:55:00,BTCUSDT,BUY,87979.28000000,0.00000000,0.00100000,ENTRY_LONG,0.00000000,0.0000,0
2024-11-12T00:15:00,BTCUSDT,SELL,87979.28000000,86627.72000000,0.00100000,EXIT_SIGNAL,-1.35156000,-0.0154,16
2024-11-12T04:15:00,BTCUSDT,BUY,88140.00000000,0.00000000,0.00100000,ENTRY_LONG,0.00000000,0.0000,0
2024-11-12T08:05:00,BTCUSDT,SELL,88140.00000000,88835.13000000,0.00100000,EXIT_SIGNAL,0.69513000,0.0079,46
2024-11-12T12:10:00,BTCUSDT,BUY,87708.01000000,0.00000000,0.00100000,ENTRY_LONG,0.00000000,0.0000,0
2024-11-12T12:25:00,BTCUSDT,SELL,87708.01000000,87077.40000000,0.00100000,EXIT_SIGNAL,-0.63061000,-0.0072,3
2024-11-13T00:35:00,BTCUSDT,BUY,88430.80000000,0.00000000,0.00100000,ENTRY_LONG,0.00000000,0.0000,0
2024-11-13T01:25:00,BTCUSDT,SELL,88430.80000000,87959.98000000,0.00100000,EXIT_SIGNAL,-0.47082000,-0.0053,10
2024-11-13T03:15:00,BTCUSDT,BUY,88090.06000000,0.00000000,0.00100000,ENTRY_LONG,0.00000000,0.0000,0
2024-11-13T03:20:00,BTCUSDT,SELL,88090.06000000,87691.99000000,0.00100000,EXIT_SIGNAL,-0.39807000,-0.0045,1
2024-11-13T22:40:00,BTCUSDT,BUY,89641.86000000,0.00000000,0.00100000,ENTRY_LONG,0.00000000,0.0000,0
2024-11-14T00:40:00,BTCUSDT,SELL,89641.86000000,89718.47000000,0.00100000,EXIT_SIGNAL,0.07661000,0.0009,24
2024-11-14T01:55:00,BTCUSDT,BUY,90372.01000000,0.00000000,0.00100000,ENTRY_LONG,0.00000000,0.0000,0
2024-11-14T02:35:00,BTCUSDT,SELL,90372.01000000,89776.05000000,0.00100000,EXIT_SIGNAL,-0.59596000,-0.0066,8
2024-11-14T05:50:00,BTCUSDT,BUY,90001.04000000,0.00000000,0.00100000,ENTRY_LONG,0.00000000,0.0000,0
2024-11-14T06:40:00,BTCUSDT,SELL,90001.04000000,89879.71000000,0.00100000,EXIT_SIGNAL,-0.12133000,-0.0013,10
2024-11-14T09:50:00,BTCUSDT,BUY,90706.56000000,0.00000000,0.00100000,ENTRY_LONG,0.00000000,0.0000,0
2024-11-14T11:10:00,BTCUSDT,SELL,90706.56000000,90845.24000000,0.00100000,EXIT_SIGNAL,0.13868000,0.0015,16
2024-11-14T14:30:00,BTCUSDT,BUY,91699.99000000,0.00000000,0.00100000,ENTRY_LONG,0.00000000,0.0000,0
2024-11-14T14:35:00,BTCUSDT,SELL,91699.99000000,90408.00000000,0.00100000,EXIT_SIGNAL,-1.29199000,-0.0141,1
2024-11-14T20:05:00,BTCUSDT,SELL,88488.01000000,0.00000000,0.00100000,ENTRY_SHORT,0.00000000,0.0000,0
2024-11-15T00:10:00,BTCUSDT,BUY,88488.01000000,88105.61000000,0.00100000,EXIT_SIGNAL,0.38240000,0.0043,49
2024-11-15T04:10:00,BTCUSDT,SELL,88071.67000000,0.00000000,0.00100000,ENTRY_SHORT,0.00000000,0.0000,0
2024-11-15T06:00:00,BTCUSDT,BUY,88071.67000000,87924.00000000,0.00100000,EXIT_SIGNAL,0.14767000,0.0017,22
2024-11-15T13:45:00,BTCUSDT,BUY,90250.00000000,0.00000000,0.00100000,ENTRY_LONG,0.00000000,0.0000,0
2024-11-15T14:20:00,BTCUSDT,SELL,90250.00000000,89480.44000000,0.00100000,EXIT_SIGNAL,-0.76956000,-0.0085,7
2024-11-15T19:20:00,BTCUSDT,BUY,89588.00000000,0.00000000,0.00100000,ENTRY_LONG,0.00000000,0.0000,0
2024-11-15T23:35:00,BTCUSDT,SELL,89588.00000000,91058.45000000,0.00100000,EXIT_SIGNAL,1.47045000,0.0164,51
2024-11-16T05:05:00,BTCUSDT,BUY,91339.99000000,0.00000000,0.00100000,ENTRY_LONG,0.00000000,0.0000,0
2024-11-16T06:05:00,BTCUSDT,SELL,91339.99000000,91237.16000000,0.00100000,EXIT_SIGNAL,-0.10283000,-0.0011,12
2024-11-16T08:35:00,BTCUSDT,BUY,91371.99000000,0.00000000,0.00100000,ENTRY_LONG,0.00000000,0.0000,0
2024-11-16T11:15:00,BTCUSDT,SELL,91371.99000000,91228.50000000,0.00100000,EXIT_SIGNAL,-0.14349000,-0.0016,32
2024-11-16T14:45:00,BTCUSDT,BUY,90950.00000000,0.00000000,0.00100000,ENTRY_LONG,0.00000000,0.0000,0
2024-11-16T15:00:00,BTCUSDT,SELL,90950.00000000,90832.00000000,0.00100000,EXIT_SIGNAL,-0.11800000,-0.0013,3
2024-11-16T21:30:00,BTCUSDT,BUY,90996.25000000,0.00000000,0.00100000,ENTRY_LONG,0.00000000,0.0000,0
2024-11-16T22:10:00,BTCUSDT,SELL,90996.25000000,90899.31000000,0.00100000,EXIT_SIGNAL,-0.09694000,-0.0011,8
2024-11-17T06:10:00,BTCUSDT,SELL,90412.91000000,0.00000000,0.00100000,ENTRY_SHORT,0.00000000,0.0000,0
2024-11-17T06:15:00,BTCUSDT,BUY,90412.91000000,90580.00000000,0.00100000,EXIT_SIGNAL,-0.16709000,-0.0018,1
2024-11-17T12:40:00,BTCUSDT,BUY,90989.79000000,0.00000000,0.00100000,ENTRY_LONG,0.00000000,0.0000,0
2024-11-17T13:15:00,BTCUSDT,SELL,90989.79000000,90732.00000000,0.00100000,EXIT_SIGNAL,-0.25779000,-0.0028,7
2024-11-17T17:15:00,BTCUSDT,SELL,90281.17000000,0.00000000,0.00100000,ENTRY_SHORT,0.00000000,0.0000,0
2024-11-17T17:20:00,BTCUSDT,BUY,90281.17000000,90457.84000000,0.00100000,EXIT_SIGNAL,-0.17667000,-0.0020,1
2024-11-17T20:20:00,BTCUSDT,SELL,89892.00000000,0.00000000,0.00100000,ENTRY_SHORT,0.00000000,0.0000,0
2024-11-17T23:00:00,BTCUSDT,BUY,89892.00000000,89606.07000000,0.00100000,EXIT_SIGNAL,0.28593000,0.0032,32
2024-11-18T05:20:00,BTCUSDT,BUY,90663.50000000,0.00000000,0.00100000,ENTRY_LONG,0.00000000,0.0000,0
2024-11-18T09:55:00,BTCUSDT,SELL,90663.50000000,91710.60000000,0.00100000,EXIT_SIGNAL,1.04710000,0.0115,55
2024-11-18T10:20:00,BTCUSDT,BUY,91934.37000000,0.00000000,0.00100000,ENTRY_LONG,0.00000000,0.0000,0
2024-11-18T11:00:00,BTCUSDT,SELL,91934.37000000,91666.66000000,0.00100000,EXIT_SIGNAL,-0.26771000,-0.0029,8
2024-11-19T01:55:00,BTCUSDT,SELL,90714.26000000,0.00000000,0.00100000,ENTRY_SHORT,0.00000000,0.0000,0
2024-11-19T02:00:00,BTCUSDT,BUY,90714.26000000,90982.37000000,0.00100000,EXIT_SIGNAL,-0.26811000,-0.0030,1
2024-11-19T10:15:00,BTCUSDT,BUY,91774.79000000,0.00000000,0.00100000,ENTRY_LONG,0.00000000,0.0000,0
2024-11-19T11:25:00,BTCUSDT,SELL,91774.79000000,91528.14000000,0.00100000,EXIT_SIGNAL,-0.24665000,-0.0027,14
2024-11-19T12:00:00,BTCUSDT,BUY,91914.31000000,0.00000000,0.00100000,ENTRY_LONG,0.00000000,0.0000,0
2024-11-19T13:40:00,BTCUSDT,SELL,91914.31000000,91448.82000000,0.00100000,EXIT_SIGNAL,-0.46549000,-0.0051,20
2024-11-19T23:40:00,BTCUSDT,BUY,92228.01000000,0.00000000,0.00100000,ENTRY_LONG,0.00000000,0.0000,0
2024-11-20T01:15:00,BTCUSDT,SELL,92228.01000000,91936.02000000,0.00100000,EXIT_SIGNAL,-0.29199000,-0.0032,19
2024-11-20T18:05:00,BTCUSDT,BUY,94187.74000000,0.00000000,0.00100000,ENTRY_LONG,0.00000000,0.0000,0
2024-11-20T18:15:00,BTCUSDT,SELL,94187.74000000,93876.80000000,0.00100000,EXIT_SIGNAL,-0.31094000,-0.0033,2
2024-11-20T23:55:00,BTCUSDT,BUY,94286.56000000,0.00000000,0.00100000,ENTRY_LONG,0.00000000,0.0000,0
2024-11-21T02:05:00,BTCUSDT,SELL,94286.56000000,94449.37000000,0.00100000,EXIT_SIGNAL,0.16281000,0.0017,26
2024-11-21T09:00:00,BTCUSDT,BUY,97219.34000000,0.00000000,0.00100000,ENTRY_LONG,0.00000000,0.0000,0
2024-11-21T12:50:00,BTCUSDT,SELL,97219.34000000,97572.44000000,0.00100000,EXIT_SIGNAL,0.35310000,0.0036,46
2024-11-21T22:25:00,BTCUSDT,BUY,98189.98000000,0.00000000,0.00100000,ENTRY_LONG,0.00000000,0.0000,0
2024-11-22T00:20:00,BTCUSDT,SELL,98189.98000000,98188.99000000,0.00100000,EXIT_SIGNAL,-0.00099000,-0.0000,23
2024-11-22T02:10:00,BTCUSDT,BUY,98256.48000000,0.00000000,0.00100000,ENTRY_LONG,0.00000000,0.0000,0
2024-11-22T05:20:00,BTCUSDT,SELL,98256.48000000,98748.72000000,0.00100000,EXIT_SIGNAL,0.49224000,0.0050,38
2024-11-22T06:15:00,BTCUSDT,BUY,99030.31000000,0.00000000,0.00100000,ENTRY_LONG,0.00000000,0.0000,0
2024-11-22T06:30:00,BTCUSDT,SELL,99030.31000000,98744.00000000,0.00100000,EXIT_SIGNAL,-0.28631000,-0.0029,3
2024-11-22T11:25:00,BTCUSDT,BUY,98711.34000000,0.00000000,0.00100000,ENTRY_LONG,0.00000000,0.0000,0
2024-11-22T12:55:00,BTCUSDT,SELL,98711.34000000,98621.04000000,0.00100000,EXIT_SIGNAL,-0.09030000,-0.0009,18
2024-11-23T04:25:00,BTCUSDT,SELL,98556.64000000,0.00000000,0.00100000,ENTRY_SHORT,0.00000000,0.0000,0
2024-11-23T04:30:00,BTCUSDT,BUY,98556.64000000,98608.00000000,0.00100000,EXIT_SIGNAL,-0.05136000,-0.0005,1
2024-11-23T07:30:00,BTCUSDT,SELL,98465.71000000,0.00000000,0.00100000,ENTRY_SHORT,0.00000000,0.0000,0
2024-11-23T10:15:00,BTCUSDT,BUY,98465.71000000,98483.87000000,0.00100000,EXIT_SIGNAL,-0.01816000,-0.0002,33
2024-11-23T12:00:00,BTCUSDT,SELL,98430.00000000,0.00000000,0.00100000,ENTRY_SHORT,0.00000000,0.0000,0
2024-11-23T12:05:00,BTCUSDT,BUY,98430.00000000,98508.00000000,0.00100000,EXIT_SIGNAL,-0.07800000,-0.0008,1
2024-11-23T14:40:00,BTCUSDT,BUY,98732.01000000,0.00000000,0.00100000,ENTRY_LONG,0.00000000,0.0000,0
2024-11-23T15:35:00,BTCUSDT,SELL,98732.01000000,98562.99000000,0.00100000,EXIT_SIGNAL,-0.16902000,-0.0017,11
2024-11-24T05:15:00,BTCUSDT,BUY,98259.81000000,0.00000000,0.00100000,ENTRY_LONG,0.00000000,0.0000,0
2024-11-24T05:30:00,BTCUSDT,SELL,98259.81000000,98066.98000000,0.00100000,EXIT_SIGNAL,-0.19283000,-0.0020,3
2024-11-24T06:20:00,BTCUSDT,BUY,98216.93000000,0.00000000,0.00100000,ENTRY_LONG,0.00000000,0.0000,0
2024-11-24T08:30:00,BTCUSDT,SELL,98216.93000000,98157.36000000,0.00100000,EXIT_SIGNAL,-0.05957000,-0.0006,26
2024-11-25T00:40:00,BTCUSDT,BUY,97780.54000000,0.00000000,0.00100000,ENTRY_LONG,0.00000000,0.0000,0
2024-11-25T01:05:00,BTCUSDT,SELL,97780.54000000,97586.97000000,0.00100000,EXIT_SIGNAL,-0.19357000,-0.0020,5
2024-11-25T03:10:00,BTCUSDT,BUY,97476.32000000,0.00000000,0.00100000,ENTRY_LONG,0.00000000,0.0000,0
2024-11-25T07:30:00,BTCUSDT,SELL,97476.32000000,98004.00000000,0.00100000,EXIT_SIGNAL,0.52768000,0.0054,52
2024-11-25T11:20:00,BTCUSDT,BUY,98513.61000000,0.00000000,0.00100000,ENTRY_LONG,0.00000000,0.0000,0
2024-11-25T11:35:00,BTCUSDT,SELL,98513.61000000,98355.98000000,0.00100000,EXIT_SIGNAL,-0.15763000,-0.0016,3
2024-11-26T03:20:00,BTCUSDT,SELL,94284.83000000,0.00000000,0.00100000,ENTRY_SHORT,0.00000000,0.0000,0
2024-11-26T03:35:00,BTCUSDT,BUY,94284.83000000,94668.63000000,0.00100000,EXIT_SIGNAL,-0.38380000,-0.0041,3
2024-11-26T07:00:00,BTCUSDT,SELL,94385.29000000,0.00000000,0.00100000,ENTRY_SHORT,0.00000000,0.0000,0
2024-11-26T09:25:00,BTCUSDT,BUY,94385.29000000,93546.59000000,0.00100000,EXIT_SIGNAL,0.83870000,0.0089,29
2024-11-26T14:00:00,BTCUSDT,SELL,91974.52000000,0.00000000,0.00100000,ENTRY_SHORT,0.00000000,0.0000,0
2024-11-26T14:35:00,BTCUSDT,BUY,91974.52000000,92875.99000000,0.00100000,EXIT_SIGNAL,-0.90147000,-0.0098,7
2024-11-26T23:20:00,BTCUSDT,SELL,91764.01000000,0.00000000,0.00100000,ENTRY_SHORT,0.00000000,0.0000,0
2024-11-26T23:45:00,BTCUSDT,BUY,91764.01000000,91936.01000000,0.00100000,EXIT_SIGNAL,-0.17200000,-0.0019,5
2024-11-27T04:50:00,BTCUSDT,SELL,92580.01000000,0.00000000,0.00100000,ENTRY_SHORT,0.00000000,0.0000,0
2024-11-27T05:40:00,BTCUSDT,BUY,92580.01000000,92755.99000000,0.00100000,EXIT_SIGNAL,-0.17598000,-0.0019,10
2024-11-27T13:00:00,BTCUSDT,BUY,93732.01000000,0.00000000,0.00100000,ENTRY_LONG,0.00000000,0.0000,0
2024-11-27T21:00:00,BTCUSDT,SELL,93732.01000000,96449.99000000,0.00100000,EXIT_TIMEOUT,2.71798000,0.0290,96
2024-11-28T04:30:00,BTCUSDT,BUY,95732.00000000,0.00000000,0.00100000,ENTRY_LONG,0.00000000,0.0000,0
2024-11-28T05:35:00,BTCUSDT,SELL,95732.00000000,95471.36000000,0.00100000,EXIT_SIGNAL,-0.26064000,-0.0027,13
2024-11-28T13:10:00,BTCUSDT,SELL,95200.00000000,0.00000000,0.00100000,ENTRY_SHORT,0.00000000,0.0000,0
2024-11-28T13:40:00,BTCUSDT,BUY,95200.00000000,95565.32000000,0.00100000,EXIT_SIGNAL,-0.36532000,-0.0038,6
2024-11-29T01:20:00,BTCUSDT,BUY,95696.01000000,0.00000000,0.00100000,ENTRY_LONG,0.00000000,0.0000,0
2024-11-29T04:20:00,BTCUSDT,SELL,95696.01000000,96327.40000000,0.00100000,EXIT_SIGNAL,0.63139000,0.0066,36
2024-11-29T07:10:00,BTCUSDT,BUY,96327.99000000,0.00000000,0.00100000,ENTRY_LONG,0.00000000,0.0000,0
2024-11-29T07:15:00,BTCUSDT,SELL,96327.99000000,96071.51000000,0.00100000,EXIT_SIGNAL,-0.25648000,-0.0027,1
2024-11-29T13:45:00,BTCUSDT,BUY,97081.31000000,0.00000000,0.00100000,ENTRY_LONG,0.00000000,0.0000,0
2024-11-29T16:55:00,BTCUSDT,SELL,97081.31000000,97779.99000000,0.00100000,EXIT_SIGNAL,0.69868000,0.0072,38
2024-11-29T21:55:00,BTCUSDT,BUY,97386.07000000,0.00000000,0.00100000,ENTRY_LONG,0.00000000,0.0000,0
2024-11-29T23:00:00,BTCUSDT,SELL,97386.07000000,97163.23000000,0.00100000,EXIT_SIGNAL,-0.22284000,-0.0023,13
2024-11-30T04:40:00,BTCUSDT,SELL,96619.05000000,0.00000000,0.00100000,ENTRY_SHORT,0.00000000,0.0000,0
2024-11-30T04:45:00,BTCUSDT,BUY,96619.05000000,96670.58000000,0.00100000,EXIT_SIGNAL,-0.05153000,-0.0005,1
2024-11-30T08:00:00,BTCUSDT,SELL,96734.65000000,0.00000000,0.00100000,ENTRY_SHORT,0.00000000,0.0000,0
2024-11-30T08:15:00,BTCUSDT,BUY,96734.65000000,96967.21000000,0.00100000,EXIT_SIGNAL,-0.23256000,-0.0024,3
2024-11-30T14:00:00,BTCUSDT,SELL,96476.00000000,0.00000000,0.00100000,ENTRY_SHORT,0.00000000,0.0000,0
2024-11-30T14:10:00,BTCUSDT,BUY,96476.00000000,96589.22000000,0.00100000,EXIT_SIGNAL,-0.11322000,-0.0012,2
2024-11-30T16:30:00,BTCUSDT,SELL,96585.33000000,0.00000000,0.00100000,ENTRY_SHORT,0.00000000,0.0000,0
2024-11-30T16:45:00,BTCUSDT,BUY,96585.33000000,96708.30000000,0.00100000,EXIT_SIGNAL,-0.12297000,-0.0013,3
